BRQVUMACNOR0;521 PARTICIP-ON;QVUM3B;SAO PAULO EXCHANGE;BRL;SAO;BR
BRQVQPACNOR1;524 PARTICIP-ON;QVQP3B;SAO PAULO EXCHANGE;BRL;SAO;BR
BRABCBACNOR7;ABC BRASIL-ON;ABCB3;SAO PAULO EXCHANGE;BRL;SAO;BR
BRABCBACNPR4;ABC BRASIL-PN;ABCB4;SAO PAULO EXCHANGE;BRL;SAO;BR
BRABNBACNOR4;ABNOTE-ON;ABNB3;SAO PAULO EXCHANGE;BRL;SAO;BR
BRABYAACNOR3;ABYARA-ON;ABYA3;SAO PAULO EXCHANGE;BRL;SAO;BR
BREALTACNOR4;ACO ALTONA-ON;EALT3;SAO PAULO EXCHANGE;BRL;SAO;BR
BREALTACNPR1;ACO ALTONA-PN;EALT4;SAO PAULO EXCHANGE;BRL;SAO;BR
BRAVILACNOR1;ACOS VILL-ON;AVIL3;SAO PAULO EXCHANGE;BRL;SAO;BR
BRAELPACNOR2;AES ELPA-ON;AELP3;SAO PAULO EXCHANGE;BRL;SAO;BR
BRAESLACNOR6;AES SUL-ON;AESL3;SAO PAULO EXCHANGE;BRL;SAO;BR
BRAESLACNPR3;AES SUL-PN;AESL4;SAO PAULO EXCHANGE;BRL;SAO;BR
BRGETIACNOR7;AES TIETE-ON;GETI3;SAO PAULO EXCHANGE;BRL;SAO;BR
BRGETIACNPR4;AES TIETE-PN;GETI4;SAO PAULO EXCHANGE;BRL;SAO;BR
BRAETAACNOR7;AETATIS SEC-ON;AETA3;SAO PAULO EXCHANGE;BRL;SAO;BR
BRAFLUACNOR9;AFLUENTE-ON;AFLU3;SAO PAULO EXCHANGE;BRL;SAO;BR
BRAFLUACNPA2;AFLUENTE-PNA;AFLU5;SAO PAULO EXCHANGE;BRL;SAO;BR
BRAFLUACNPB0;AFLUENTE-PNB;AFLU6;SAO PAULO EXCHANGE;BRL;SAO;BR
BRANDGACNOR9;AGCONCESSOES-ON;ANDG3B;SAO PAULO EXCHANGE;BRL;SAO;BR
BRANDGACNPR6;AGCONCESSOES-PN;ANDG4B;SAO PAULO EXCHANGE;BRL;SAO;BR
BRCANTACNOR4;AGPART-ON;CANT3B;SAO PAULO EXCHANGE;BRL;SAO;BR
BRCANTACNPR1;AGPART-PN;CANT4B;SAO PAULO EXCHANGE;BRL;SAO;BR
BRAGINACNOR8;AGRA INCORP-ON;AGIN3;SAO PAULO EXCHANGE;BRL;SAO;BR
BRAGENBDR001;AGRENCO-DR3;AGEN11;SAO PAULO EXCHANGE;BRL;SAO;BR
BRALEFACNOR3;ALEF S/A-ON;ALEF3B;SAO PAULO EXCHANGE;BRL;SAO;BR
BRBRGEACNOR6;ALFA CONSORC-ON;BRGE3;SAO PAULO EXCHANGE;BRL;SAO;BR
BRBRGEACNPA9;ALFA CONSORC-PNA;BRGE5;SAO PAULO EXCHANGE;BRL;SAO;BR
BRBRGEACNPB7;ALFA CONSORC-PNB;BRGE6;SAO PAULO EXCHANGE;BRL;SAO;BR
BRBRGEACNPC5;ALFA CONSORC-PNC;BRGE7;SAO PAULO EXCHANGE;BRL;SAO;BR
BRBRGEACNPD3;ALFA CONSORC-PND;BRGE8;SAO PAULO EXCHANGE;BRL;SAO;BR
BRBRGEACNPE1;ALFA CONSORC-PNE;BRGE11;SAO PAULO EXCHANGE;BRL;SAO;BR
BRBRGEACNPF8;ALFA CONSORC-PNF;BRGE12;SAO PAULO EXCHANGE;BRL;SAO;BR
BRCRIVACNOR4;ALFA FINANC-ON;CRIV3;SAO PAULO EXCHANGE;BRL;SAO;BR
BRCRIVACNPR1;ALFA FINANC-PN;CRIV4;SAO PAULO EXCHANGE;BRL;SAO;BR
BRRPADACNOR1;ALFA HOLDING-ON;RPAD3;SAO PAULO EXCHANGE;BRL;SAO;BR
BRRPADACNPA4;ALFA HOLDING-PNA;RPAD5;SAO PAULO EXCHANGE;BRL;SAO;BR
BRRPADACNPB2;ALFA HOLDING-PNB;RPAD6;SAO PAULO EXCHANGE;BRL;SAO;BR
BRBRIVACNOR6;ALFA INVEST-ON;BRIV3;SAO PAULO EXCHANGE;BRL;SAO;BR
BRBRIVACNPR3;ALFA INVEST-PN;BRIV4;SAO PAULO EXCHANGE;BRL;SAO;BR
BRAPTIACNOR6;ALIPERTI-ON;APTI3;SAO PAULO EXCHANGE;BRL;SAO;BR
BRAPTIACNPR3;ALIPERTI-PN;APTI4;SAO PAULO EXCHANGE;BRL;SAO;BR
BRALIUACNOR3;ALIUM PART-ON;ALIU3B;SAO PAULO EXCHANGE;BRL;SAO;BR
BRALLLACNOR6;ALL AMER LAT-ON;ALLL3;SAO PAULO EXCHANGE;BRL;SAO;BR
BRALLLACNPR3;ALL AMER LAT-PN;ALLL4;SAO PAULO EXCHANGE;BRL;SAO;BR
BRALLLCDAM10;ALL AMER LAT-UNT;ALLL11;SAO PAULO EXCHANGE;BRL;SAO;BR
BRFRRNACNOR5;ALL NORTE-ON;FRRN3B;SAO PAULO EXCHANGE;BRL;SAO;BR
BRFRRNACNPA8;ALL NORTE-PNA;FRRN5B;SAO PAULO EXCHANGE;BRL;SAO;BR
BRFRRNACNPB6;ALL NORTE-PNB;FRRN6B;SAO PAULO EXCHANGE;BRL;SAO;BR
BRGASCACNOR0;ALL PAULISTA-ON;GASC3B;SAO PAULO EXCHANGE;BRL;SAO;BR
BRGASCACNPR7;ALL PAULISTA-PN;GASC4B;SAO PAULO EXCHANGE;BRL;SAO;BR
BRSAGPACNOR2;ALLIS PART-ON;SAGP3B;SAO PAULO EXCHANGE;BRL;SAO;BR
BRALPAACNOR0;ALPARGATAS-ON;ALPA3;SAO PAULO EXCHANGE;BRL;SAO;BR
BRALPAACNPR7;ALPARGATAS-PN;ALPA4;SAO PAULO EXCHANGE;BRL;SAO;BR
BRALTRACNOR6;ALTERE SEC-ON;ALTR3;SAO PAULO EXCHANGE;BRL;SAO;BR
BRBAZAACNOR0;AMAZONIA-ON;BAZA3;SAO PAULO EXCHANGE;BRL;SAO;BR
BRAMBVACNOR4;AMBEV-ON;AMBV3;SAO PAULO EXCHANGE;BRL;SAO;BR
BRAMBVACNPR1;AMBEV-PN;AMBV4;SAO PAULO EXCHANGE;BRL;SAO;BR
BRAMCEACNOR8;AMERICEL-ON;AMCE3;SAO PAULO EXCHANGE;BRL;SAO;BR
BRAMCEACNPB9;AMERICEL-PNB;AMCE6;SAO PAULO EXCHANGE;BRL;SAO;BR
BRAMILACNOR0;AMIL-ON;AMIL3;SAO PAULO EXCHANGE;BRL;SAO;BR
BRCBEEACNOR3;AMPLA ENERG-ON;CBEE3;SAO PAULO EXCHANGE;BRL;SAO;BR
BRAMPIACNOR1;AMPLA INVEST-ON;AMPI3;SAO PAULO EXCHANGE;BRL;SAO;BR
BRAEDUACNOR9;ANHANGUERA-ON;AEDU3;SAO PAULO EXCHANGE;BRL;SAO;BR
BRAEDUACNPR6;ANHANGUERA-PN;AEDU4;SAO PAULO EXCHANGE;BRL;SAO;BR
BRAEDUCDAM18;ANHANGUERA-UNT;AEDU11;SAO PAULO EXCHANGE;BRL;SAO;BR
BRVDNPACNOR6;ARAUCARIA-ON;VDNP3B;SAO PAULO EXCHANGE;BRL;SAO;BR
BRATBSACNOR5;ARTEB-ON;ATBS3;SAO PAULO EXCHANGE;BRL;SAO;BR
BRARLAACNOR6;ARTHUR LANGE-ON;ARLA3;SAO PAULO EXCHANGE;BRL;SAO;BR
BRARLAACNPR3;ARTHUR LANGE-PN;ARLA4;SAO PAULO EXCHANGE;BRL;SAO;BR
BRAZEVACNOR0;AZEVEDO-ON;AZEV3;SAO PAULO EXCHANGE;BRL;SAO;BR
BRAZEVACNPR7;AZEVEDO-PN;AZEV4;SAO PAULO EXCHANGE;BRL;SAO;BR
BRBTOWACNOR8;B2W VAREJO-ON;BTOW3;SAO PAULO EXCHANGE;BRL;SAO;BR
BRBAHIACNOR1;BAHEMA-ON;BAHI3;SAO PAULO EXCHANGE;BRL;SAO;BR
BRCBAGACNOR6;BAN ARMAZENS-ON;CBAG3;SAO PAULO EXCHANGE;BRL;SAO;BR
BRBGIPACNOR1;BANESE-ON;BGIP3;SAO PAULO EXCHANGE;BRL;SAO;BR
BRBGIPACNPR8;BANESE-PN;BGIP4;SAO PAULO EXCHANGE;BRL;SAO;BR
BRBEESACNOR9;BANESTES-ON;BEES3;SAO PAULO EXCHANGE;BRL;SAO;BR
BRBEESACNPR6;BANESTES-PN;BEES4;SAO PAULO EXCHANGE;BRL;SAO;BR
BRBPARACNOR5;BANPARA-ON;BPAR3;SAO PAULO EXCHANGE;BRL;SAO;BR
BRBRSRACNOR3;BANRISUL-ON;BRSR3;SAO PAULO EXCHANGE;BRL;SAO;BR
BRBRSRACNPA6;BANRISUL-PNA;BRSR5;SAO PAULO EXCHANGE;BRL;SAO;BR
BRBRSRACNPB4;BANRISUL-PNB;BRSR6;SAO PAULO EXCHANGE;BRL;SAO;BR
BRBDLLACNOR1;BARDELLA-ON;BDLL3;SAO PAULO EXCHANGE;BRL;SAO;BR
BRBDLLACNPR8;BARDELLA-PN;BDLL4;SAO PAULO EXCHANGE;BRL;SAO;BR
BRBTTLACNOR0;BATTISTELLA-ON;BTTL3;SAO PAULO EXCHANGE;BRL;SAO;BR
BRBTTLACNPR7;BATTISTELLA-PN;BTTL4;SAO PAULO EXCHANGE;BRL;SAO;BR
BRBALMACNOR5;BAUMER-ON;BALM3;SAO PAULO EXCHANGE;BRL;SAO;BR
BRBALMACNPR2;BAUMER-PN;BALM4;SAO PAULO EXCHANGE;BRL;SAO;BR
BRPBELACNOR0;BELAPART-ON;PBEL3B;SAO PAULO EXCHANGE;BRL;SAO;BR
BRBEMAACNOR0;BEMATECH-ON;BEMA3;SAO PAULO EXCHANGE;BRL;SAO;BR
BRBETPACNOR3;BETAPART-ON;BETP3B;SAO PAULO EXCHANGE;BRL;SAO;BR
BRBMKSACNOR9;BIC MONARK-ON;BMKS3;SAO PAULO EXCHANGE;BRL;SAO;BR
BRBICBACNOR0;BICBANCO-ON;BICB3;SAO PAULO EXCHANGE;BRL;SAO;BR
BRBICBACNPR7;BICBANCO-PN;BICB4;SAO PAULO EXCHANGE;BRL;SAO;BR
BRBIOMACNOR2;BIOMM-ON;BIOM3;SAO PAULO EXCHANGE;BRL;SAO;BR
BRBIOMACNPR9;BIOMM-PN;BIOM4;SAO PAULO EXCHANGE;BRL;SAO;BR
BRBVMFACNOR3;BMFBOVESPA-ON;BVMF3;SAO PAULO EXCHANGE;BRL;SAO;BR
BRBOBRACNOR6;BOMBRIL-ON;BOBR3;SAO PAULO EXCHANGE;BRL;SAO;BR
BRBOBRACNPR3;BOMBRIL-PN;BOBR4;SAO PAULO EXCHANGE;BRL;SAO;BR
BRBNPAACNOR4;BONAIRE PART-ON;BNPA3B;SAO PAULO EXCHANGE;BRL;SAO;BR
BRBBRKACNOR4;BR BROKERS-ON;BBRK3;SAO PAULO EXCHANGE;BRL;SAO;BR
BRBRMLACNOR9;BR MALLS PAR-ON;BRML3;SAO PAULO EXCHANGE;BRL;SAO;BR
BRBRPRACNOR9;BR PROPERT-ON;BRPR3;SAO PAULO EXCHANGE;BRL;SAO;BR
BRBBDCACNOR1;BRADESCO-ON;BBDC3;SAO PAULO EXCHANGE;BRL;SAO;BR
BRBBDCACNPR8;BRADESCO-PN;BBDC4;SAO PAULO EXCHANGE;BRL;SAO;BR
BRBRAPACNOR5;BRADESPAR-ON;BRAP3;SAO PAULO EXCHANGE;BRL;SAO;BR
BRBRAPACNPR2;BRADESPAR-PN;BRAP4;SAO PAULO EXCHANGE;BRL;SAO;BR
BRBRTOACNOR8;BRASIL TELEC-ON;BRTO3;SAO PAULO EXCHANGE;BRL;SAO;BR
BRBRTOACNPR5;BRASIL TELEC-PN;BRTO4;SAO PAULO EXCHANGE;BRL;SAO;BR
BRBBASACNOR3;BRASIL-ON;BBAS3;SAO PAULO EXCHANGE;BRL;SAO;BR
BRBBASA05OR5;BRASIL-ON;BBAS12;SAO PAULO EXCHANGE;BRL;SAO;BR
BRBBASA04OR8;BRASIL-ON;BBAS11;SAO PAULO EXCHANGE;BRL;SAO;BR
BRAGROACNOR7;BRASILAGRO-ON;AGRO3;SAO PAULO EXCHANGE;BRL;SAO;BR
BRBRKMACNOR1;BRASKEM-ON;BRKM3;SAO PAULO EXCHANGE;BRL;SAO;BR
BRBRKMACNPA4;BRASKEM-PNA;BRKM5;SAO PAULO EXCHANGE;BRL;SAO;BR
BRBRKMACNPB2;BRASKEM-PNB;BRKM6;SAO PAULO EXCHANGE;BRL;SAO;BR
BRBMTOACNOR9;BRASMOTOR-ON;BMTO3;SAO PAULO EXCHANGE;BRL;SAO;BR
BRBMTOACNPR6;BRASMOTOR-PN;BMTO4;SAO PAULO EXCHANGE;BRL;SAO;BR
BRBFREACNOR8;BRAZILIAN FR-ON;BFRE3;SAO PAULO EXCHANGE;BRL;SAO;BR
BRBSLIACNOR5;BRB BANCO-ON;BSLI3;SAO PAULO EXCHANGE;BRL;SAO;BR
BRBSLIACNPR2;BRB BANCO-PN;BSLI4;SAO PAULO EXCHANGE;BRL;SAO;BR
BRPRGAACNOR4;BRF FOODS-ON;PRGA3;SAO PAULO EXCHANGE;BRL;SAO;BR
BRBISAACNOR8;BROOKFIELD-ON;BISA3;SAO PAULO EXCHANGE;BRL;SAO;BR
BRBRZIACNOR7;BRZ INVEST-ON;BRZI3B;SAO PAULO EXCHANGE;BRL;SAO;BR
BRBUETACNOR3;BUETTNER-ON;BUET3;SAO PAULO EXCHANGE;BRL;SAO;BR
BRBUETACNPR0;BUETTNER-PN;BUET4;SAO PAULO EXCHANGE;BRL;SAO;BR
BRCABIACNOR2;CABINDA PART-ON;CABI3B;SAO PAULO EXCHANGE;BRL;SAO;BR
BRCIQUACNOR8;CACIQUE-ON;CIQU3;SAO PAULO EXCHANGE;BRL;SAO;BR
BRCIQUACNPR5;CACIQUE-PN;CIQU4;SAO PAULO EXCHANGE;BRL;SAO;BR
BRCACOACNOR8;CACONDE PART-ON;CACO3B;SAO PAULO EXCHANGE;BRL;SAO;BR
BRCAFEACNOR2;CAF BRASILIA-ON;CAFE3;SAO PAULO EXCHANGE;BRL;SAO;BR
BRCAFEACNPR9;CAF BRASILIA-PN;CAFE4;SAO PAULO EXCHANGE;BRL;SAO;BR
BRCAIAACNOR4;CAIANDA PART-ON;CAIA3B;SAO PAULO EXCHANGE;BRL;SAO;BR
BRZTJKACNOR2;CAIXA SEGURO-ON;ZTJK3B;SAO PAULO EXCHANGE;BRL;SAO;BR
BRCALAACNOR8;CALAIS PART-ON;CALA3B;SAO PAULO EXCHANGE;BRL;SAO;BR
BRCALAACNPR5;CALAIS PART-PN;CALA4B;SAO PAULO EXCHANGE;BRL;SAO;BR
BRCAMBACNOR4;CAMBUCI-ON;CAMB3;SAO PAULO EXCHANGE;BRL;SAO;BR
BRCAMBACNPR1;CAMBUCI-PN;CAMB4;SAO PAULO EXCHANGE;BRL;SAO;BR
BRCPTPACNOR7;CAPITALPART-ON;CPTP3B;SAO PAULO EXCHANGE;BRL;SAO;BR
BRCRBMACNOR8;CARAIBA MET-ON;CRBM3;SAO PAULO EXCHANGE;BRL;SAO;BR
BRCRBMACNPA1;CARAIBA MET-PNA;CRBM5;SAO PAULO EXCHANGE;BRL;SAO;BR
BRCRBMACNPC7;CARAIBA MET-PNC;CRBM7;SAO PAULO EXCHANGE;BRL;SAO;BR
BRCRBMACNPD5;CARAIBA MET-PND;CRBM8;SAO PAULO EXCHANGE;BRL;SAO;BR
BRCRBMACNPE3;CARAIBA MET-PNE;CRBM11;SAO PAULO EXCHANGE;BRL;SAO;BR
BRCASNACNOR6;CASAN-ON;CASN3;SAO PAULO EXCHANGE;BRL;SAO;BR
BRCASNACNPR3;CASAN-PN;CASN4;SAO PAULO EXCHANGE;BRL;SAO;BR
BRCCIMACNOR5;CC DES IMOB-ON;CCIM3;SAO PAULO EXCHANGE;BRL;SAO;BR
BRCCROACNOR2;CCR RODOVIAS-ON;CCRO3;SAO PAULO EXCHANGE;BRL;SAO;BR
BRCEBRACNOR5;CEB-ON;CEBR3;SAO PAULO EXCHANGE;BRL;SAO;BR
BRCEBRACNPA8;CEB-PNA;CEBR5;SAO PAULO EXCHANGE;BRL;SAO;BR
BRCEBRACNPB6;CEB-PNB;CEBR6;SAO PAULO EXCHANGE;BRL;SAO;BR
BRCEDOACNOR8;CEDRO-ON;CEDO3;SAO PAULO EXCHANGE;BRL;SAO;BR
BRCEDOACNPR5;CEDRO-PN;CEDO4;SAO PAULO EXCHANGE;BRL;SAO;BR
BRCEEDACNOR9;CEEE-D-ON;CEED3B;SAO PAULO EXCHANGE;BRL;SAO;BR
BRCEEDACNPR6;CEEE-D-PN;CEED4B;SAO PAULO EXCHANGE;BRL;SAO;BR
BREEELACNOR8;CEEE-GT-ON;EEEL3B;SAO PAULO EXCHANGE;BRL;SAO;BR
BREEELACNPR5;CEEE-GT-PN;EEEL4B;SAO PAULO EXCHANGE;BRL;SAO;BR
BRCEGRACNOR4;CEG-ON;CEGR3;SAO PAULO EXCHANGE;BRL;SAO;BR
BRCLSCACNOR6;CELESC-ON;CLSC3;SAO PAULO EXCHANGE;BRL;SAO;BR
BRCLSCACNPA9;CELESC-PNA;CLSC5;SAO PAULO EXCHANGE;BRL;SAO;BR
BRCLSCACNPB7;CELESC-PNB;CLSC6;SAO PAULO EXCHANGE;BRL;SAO;BR
BRGPARACNOR4;CELGPAR-ON;GPAR3;SAO PAULO EXCHANGE;BRL;SAO;BR
BRCELMACNOR5;CELM-ON;CELM3;SAO PAULO EXCHANGE;BRL;SAO;BR
BRCELPACNOR8;CELPA-ON;CELP3;SAO PAULO EXCHANGE;BRL;SAO;BR
BRCELPACNPA1;CELPA-PNA;CELP5;SAO PAULO EXCHANGE;BRL;SAO;BR
BRCELPACNPB9;CELPA-PNB;CELP6;SAO PAULO EXCHANGE;BRL;SAO;BR
BRCELPACNPC7;CELPA-PNC;CELP7;SAO PAULO EXCHANGE;BRL;SAO;BR
BRCEPEACNOR3;CELPE-ON;CEPE3;SAO PAULO EXCHANGE;BRL;SAO;BR
BRCEPEACNPA6;CELPE-PNA;CEPE5;SAO PAULO EXCHANGE;BRL;SAO;BR
BRCEPEACNPB4;CELPE-PNB;CEPE6;SAO PAULO EXCHANGE;BRL;SAO;BR
BRRANIACNOR5;CELUL IRANI-ON;RANI3;SAO PAULO EXCHANGE;BRL;SAO;BR
BRRANIACNPR2;CELUL IRANI-PN;RANI4;SAO PAULO EXCHANGE;BRL;SAO;BR
BRENMAACNOR5;CEMAR-ON;ENMA3B;SAO PAULO EXCHANGE;BRL;SAO;BR
BRENMAACNPA8;CEMAR-PNA;ENMA5B;SAO PAULO EXCHANGE;BRL;SAO;BR
BRENMAACNPB6;CEMAR-PNB;ENMA6B;SAO PAULO EXCHANGE;BRL;SAO;BR
BRCMGRACNOR7;CEMAT-ON;CMGR3;SAO PAULO EXCHANGE;BRL;SAO;BR
BRCMGRACNPR4;CEMAT-PN;CMGR4;SAO PAULO EXCHANGE;BRL;SAO;BR
BRMAPTACNOR8;CEMEPE-ON;MAPT3;SAO PAULO EXCHANGE;BRL;SAO;BR
BRMAPTACNPR5;CEMEPE-PN;MAPT4;SAO PAULO EXCHANGE;BRL;SAO;BR
BRCMIGACNOR6;CEMIG-ON;CMIG3;SAO PAULO EXCHANGE;BRL;SAO;BR
BRCMIGACNPR3;CEMIG-PN;CMIG4;SAO PAULO EXCHANGE;BRL;SAO;BR
BRCTAPACNOR9;CENT AMAPA-ON;CTAP3;SAO PAULO EXCHANGE;BRL;SAO;BR
BRCTLGACNOR5;CENT A\xc7U-ON;CTLG3;SAO PAULO EXCHANGE;BRL;SAO;BR
BRCTMIACNOR9;CENT MIN-RIO-ON;CTMI3;SAO PAULO EXCHANGE;BRL;SAO;BR
BRCESPACNOR3;CESP-ON;CESP3;SAO PAULO EXCHANGE;BRL;SAO;BR
BRCESPACNPA6;CESP-PNA;CESP5;SAO PAULO EXCHANGE;BRL;SAO;BR
BRCESPACNPB4;CESP-PNB;CESP6;SAO PAULO EXCHANGE;BRL;SAO;BR
BRCTIPACNOR2;CETIP-ON;CTIP3;SAO PAULO EXCHANGE;BRL;SAO;BR
BRHGTXACNOR9;CIA HERING-ON;HGTX3;SAO PAULO EXCHANGE;BRL;SAO;BR
BRGAFPACNOR9;CIMOB PART-ON;GAFP3;SAO PAULO EXCHANGE;BRL;SAO;BR
BRGAFPACNPR6;CIMOB PART-PN;GAFP4;SAO PAULO EXCHANGE;BRL;SAO;BR
BRCMSAACNOR8;CIMS-ON;CMSA3;SAO PAULO EXCHANGE;BRL;SAO;BR
BRCMSAACNPR5;CIMS-PN;CMSA4;SAO PAULO EXCHANGE;BRL;SAO;BR
BRCLANACNOR1;CLARION-ON;CLAN3;SAO PAULO EXCHANGE;BRL;SAO;BR
BRCLANACNPR8;CLARION-PN;CLAN4;SAO PAULO EXCHANGE;BRL;SAO;BR
BRCOARACNOR6;COARI PART-ON;COAR3;SAO PAULO EXCHANGE;BRL;SAO;BR
BRCOARACNPR3;COARI PART-PN;COAR4;SAO PAULO EXCHANGE;BRL;SAO;BR
BRCBMAACNOR4;COBRASMA-ON;CBMA3;SAO PAULO EXCHANGE;BRL;SAO;BR
BRCBMAACNPR1;COBRASMA-PN;CBMA4;SAO PAULO EXCHANGE;BRL;SAO;BR
BRCEEBACNOR3;COELBA-ON;CEEB3;SAO PAULO EXCHANGE;BRL;SAO;BR
BRCEEBACNPA6;COELBA-PNA;CEEB5;SAO PAULO EXCHANGE;BRL;SAO;BR
BRCEEBACNPB4;COELBA-PNB;CEEB6;SAO PAULO EXCHANGE;BRL;SAO;BR
BRCOCEACNOR0;COELCE-ON;COCE3;SAO PAULO EXCHANGE;BRL;SAO;BR
BRCOCEACNPA3;COELCE-PNA;COCE5;SAO PAULO EXCHANGE;BRL;SAO;BR
BRCOCEACNPB1;COELCE-PNB;COCE6;SAO PAULO EXCHANGE;BRL;SAO;BR
BRCGASACNOR0;COMGAS-ON;CGAS3;SAO PAULO EXCHANGE;BRL;SAO;BR
BRCGASACNPA3;COMGAS-PNA;CGAS5;SAO PAULO EXCHANGE;BRL;SAO;BR
BRCRTEACNOR7;CONC RIO TER-ON;CRTE3B;SAO PAULO EXCHANGE;BRL;SAO;BR
BRCRTEACNPA0;CONC RIO TER-PNA;CRTE5B;SAO PAULO EXCHANGE;BRL;SAO;BR
BRCNFBACNOR1;CONFAB-ON;CNFB3;SAO PAULO EXCHANGE;BRL;SAO;BR
BRCNFBACNPR8;CONFAB-PN;CNFB4;SAO PAULO EXCHANGE;BRL;SAO;BR
BRCALIACNOR1;CONST A LIND-ON;CALI3;SAO PAULO EXCHANGE;BRL;SAO;BR
BRCALIACNPR8;CONST A LIND-PN;CALI4;SAO PAULO EXCHANGE;BRL;SAO;BR
BRCTAXACNOR3;CONTAX-ON;CTAX3;SAO PAULO EXCHANGE;BRL;SAO;BR
BRCTAXACNPR0;CONTAX-PN;CTAX4;SAO PAULO EXCHANGE;BRL;SAO;BR
BRCSMGA03OR2;COPASA-ON;CSMG11;SAO PAULO EXCHANGE;BRL;SAO;BR
BRCSMGA04OR0;COPASA-ON;CSMG13;SAO PAULO EXCHANGE;BRL;SAO;BR
BRCSMGACNOR5;COPASA-ON;CSMG3;SAO PAULO EXCHANGE;BRL;SAO;BR
BRCSMGA02OR4;COPASA-ON;CSMG12;SAO PAULO EXCHANGE;BRL;SAO;BR
BRCSMGA05OR7;COPASA-ON;CSMG14;SAO PAULO EXCHANGE;BRL;SAO;BR
BRCPLEACNOR8;COPEL-ON;CPLE3;SAO PAULO EXCHANGE;BRL;SAO;BR
BRCPLEACNPA1;COPEL-PNA;CPLE5;SAO PAULO EXCHANGE;BRL;SAO;BR
BRCPLEACNPB9;COPEL-PNB;CPLE6;SAO PAULO EXCHANGE;BRL;SAO;BR
BRCORRACNOR0;COR RIBEIRO-ON;CORR3;SAO PAULO EXCHANGE;BRL;SAO;BR
BRCORRACNPR7;COR RIBEIRO-PN;CORR4;SAO PAULO EXCHANGE;BRL;SAO;BR
BRCZLTBDR009;COSAN LTD-DR3;CZLT11;SAO PAULO EXCHANGE;BRL;SAO;BR
BRCSANACNOR6;COSAN-ON;CSAN3;SAO PAULO EXCHANGE;BRL;SAO;BR
BRCSRNACNOR0;COSERN-ON;CSRN3;SAO PAULO EXCHANGE;BRL;SAO;BR
BRCSRNACNPA3;COSERN-PNA;CSRN5;SAO PAULO EXCHANGE;BRL;SAO;BR
BRCSRNACNPB1;COSERN-PNB;CSRN6;SAO PAULO EXCHANGE;BRL;SAO;BR
BRCTNMACNOR9;COTEMINAS-ON;CTNM3;SAO PAULO EXCHANGE;BRL;SAO;BR
BRCTNMACNPR6;COTEMINAS-PN;CTNM4;SAO PAULO EXCHANGE;BRL;SAO;BR
BRCPFEACNOR0;CPFL ENERGIA-ON;CPFE3;SAO PAULO EXCHANGE;BRL;SAO;BR
BRCRDEACNOR1;CR2-ON;CRDE3;SAO PAULO EXCHANGE;BRL;SAO;BR
BRCREMACNOR2;CREMER-ON;CREM3;SAO PAULO EXCHANGE;BRL;SAO;BR
BRCRSCACNOR3;CRSEC-ON;CRSC3B;SAO PAULO EXCHANGE;BRL;SAO;BR
BRCZRSACNOR4;CRUZEIRO SUL-ON;CZRS3;SAO PAULO EXCHANGE;BRL;SAO;BR
BRCZRSACNPR1;CRUZEIRO SUL-PN;CZRS4;SAO PAULO EXCHANGE;BRL;SAO;BR
BRCARDACNOR9;CSU CARDSYST-ON;CARD3;SAO PAULO EXCHANGE;BRL;SAO;BR
BRCCPRACNOR9;CYRE COM-CCP-ON;CCPR3;SAO PAULO EXCHANGE;BRL;SAO;BR
BRCYREACNOR7;CYRELA REALT-ON;CYRE3;SAO PAULO EXCHANGE;BRL;SAO;BR
BRDHBIACNOR5;D H B-ON;DHBI3;SAO PAULO EXCHANGE;BRL;SAO;BR
BRDHBIACNPR2;D H B-PN;DHBI4;SAO PAULO EXCHANGE;BRL;SAO;BR
BROPDLACNOR5;DALETH PART-ON;OPDL3B;SAO PAULO EXCHANGE;BRL;SAO;BR
BRDASAACNOR1;DASA-ON;DASA3;SAO PAULO EXCHANGE;BRL;SAO;BR
BRDAYCACNOR5;DAYCOVAL-ON;DAYC3;SAO PAULO EXCHANGE;BRL;SAO;BR
BRDAYCACNPR2;DAYCOVAL-PN;DAYC4;SAO PAULO EXCHANGE;BRL;SAO;BR
BRPNVLACNOR9;DIMED-ON;PNVL3;SAO PAULO EXCHANGE;BRL;SAO;BR
BRPNVLACNPR6;DIMED-PN;PNVL4;SAO PAULO EXCHANGE;BRL;SAO;BR
BRDNENACNOR7;DINAMICA ENE-ON;DNEN3B;SAO PAULO EXCHANGE;BRL;SAO;BR
BRDIRRACNOR0;DIRECIONAL-ON;DIRR3;SAO PAULO EXCHANGE;BRL;SAO;BR
BRDXTGACNOR8;DIXIE TOGA-ON;DXTG3;SAO PAULO EXCHANGE;BRL;SAO;BR
BRDXTGACNPR5;DIXIE TOGA-PN;DXTG4;SAO PAULO EXCHANGE;BRL;SAO;BR
BRIMBIACNOR4;DOC IMBITUBA-ON;IMBI3;SAO PAULO EXCHANGE;BRL;SAO;BR
BRIMBIACNPR1;DOC IMBITUBA-PN;IMBI4;SAO PAULO EXCHANGE;BRL;SAO;BR
BRDOCAACNOR6;DOCAS-ON;DOCA3;SAO PAULO EXCHANGE;BRL;SAO;BR
BRDOCAACNPR3;DOCAS-PN;DOCA4;SAO PAULO EXCHANGE;BRL;SAO;BR
BRDOHLACNOR2;DOHLER-ON;DOHL3;SAO PAULO EXCHANGE;BRL;SAO;BR
BRDOHLACNPR9;DOHLER-PN;DOHL4;SAO PAULO EXCHANGE;BRL;SAO;BR
BRDROGACNOR1;DROGASIL-ON;DROG3;SAO PAULO EXCHANGE;BRL;SAO;BR
BRDTCYACNOR5;DTCOM-DIRECT-ON;DTCY3;SAO PAULO EXCHANGE;BRL;SAO;BR
BRDTCYACNPR2;DTCOM-DIRECT-PN;DTCY4;SAO PAULO EXCHANGE;BRL;SAO;BR
BRDUFBBDR008;DUFRYBRAS-DR3;DUFB11;SAO PAULO EXCHANGE;BRL;SAO;BR
BRDTEXACNOR3;DURATEX-ON;DTEX3;SAO PAULO EXCHANGE;BRL;SAO;BR
BRECODACNOR8;ECODIESEL-ON;ECOD3;SAO PAULO EXCHANGE;BRL;SAO;BR
BRELEKACNOR5;ELEKEIROZ-ON;ELEK3;SAO PAULO EXCHANGE;BRL;SAO;BR
BRELEKACNPR2;ELEKEIROZ-PN;ELEK4;SAO PAULO EXCHANGE;BRL;SAO;BR
BREKTRACNOR0;ELEKTRO-ON;EKTR3;SAO PAULO EXCHANGE;BRL;SAO;BR
BREKTRACNPR7;ELEKTRO-PN;EKTR4;SAO PAULO EXCHANGE;BRL;SAO;BR
BRELETACNOR6;ELETROBRAS-ON;ELET3;SAO PAULO EXCHANGE;BRL;SAO;BR
BRELETACNPA9;ELETROBRAS-PNA;ELET5;SAO PAULO EXCHANGE;BRL;SAO;BR
BRELETACNPB7;ELETROBRAS-PNB;ELET6;SAO PAULO EXCHANGE;BRL;SAO;BR
BRETROACNOR2;ELETRON-ON;ETRO3B;SAO PAULO EXCHANGE;BRL;SAO;BR
BRLIPRACNOR7;ELETROPAR-ON;LIPR3;SAO PAULO EXCHANGE;BRL;SAO;BR
BRELPLACNOR9;ELETROPAULO-ON;ELPL3;SAO PAULO EXCHANGE;BRL;SAO;BR
BRELPLACNPA2;ELETROPAULO-PNA;ELPL5;SAO PAULO EXCHANGE;BRL;SAO;BR
BRELPLACNPB0;ELETROPAULO-PNB;ELPL6;SAO PAULO EXCHANGE;BRL;SAO;BR
BRELUMACNOR7;ELUMA-ON;ELUM3;SAO PAULO EXCHANGE;BRL;SAO;BR
BRELUMACNPR4;ELUMA-PN;ELUM4;SAO PAULO EXCHANGE;BRL;SAO;BR
BREMAEACNOR4;EMAE-ON;EMAE3;SAO PAULO EXCHANGE;BRL;SAO;BR
BREMAEACNPR1;EMAE-PN;EMAE4;SAO PAULO EXCHANGE;BRL;SAO;BR
BREMBRACNOR4;EMBRAER-ON;EMBR3;SAO PAULO EXCHANGE;BRL;SAO;BR
BREBTPACNOR3;EMBRATEL PAR-ON;EBTP3;SAO PAULO EXCHANGE;BRL;SAO;BR
BREBTPACNPR0;EMBRATEL PAR-PN;EBTP4;SAO PAULO EXCHANGE;BRL;SAO;BR
BRECPRACNOR5;ENCORPAR-ON;ECPR3;SAO PAULO EXCHANGE;BRL;SAO;BR
BRECPRACNPR2;ENCORPAR-PN;ECPR4;SAO PAULO EXCHANGE;BRL;SAO;BR
BRENBRACNOR2;ENERGIAS BR-ON;ENBR3;SAO PAULO EXCHANGE;BRL;SAO;BR
BRENGIACNOR0;ENERGISA-ON;ENGI3;SAO PAULO EXCHANGE;BRL;SAO;BR
BRENGIACNPR7;ENERGISA-PN;ENGI4;SAO PAULO EXCHANGE;BRL;SAO;BR
BRENGICDAM16;ENERGISA-UNT;ENGI11;SAO PAULO EXCHANGE;BRL;SAO;BR
BREQTLACNOR0;EQUATORIAL-ON;EQTL3;SAO PAULO EXCHANGE;BRL;SAO;BR
BRESTCACNOR5;ESTACIO PART-ON;ESTC3;SAO PAULO EXCHANGE;BRL;SAO;BR
BRESTRACNOR3;ESTRELA-ON;ESTR3;SAO PAULO EXCHANGE;BRL;SAO;BR
BRESTRACNPR0;ESTRELA-PN;ESTR4;SAO PAULO EXCHANGE;BRL;SAO;BR
BRETERACNOR3;ETERNIT-ON;ETER3;SAO PAULO EXCHANGE;BRL;SAO;BR
BREUCAACNOR1;EUCATEX-ON;EUCA3;SAO PAULO EXCHANGE;BRL;SAO;BR
BREUCAACNPR8;EUCATEX-PN;EUCA4;SAO PAULO EXCHANGE;BRL;SAO;BR
BREVENACNOR8;EVEN-ON;EVEN3;SAO PAULO EXCHANGE;BRL;SAO;BR
BRBAUHACNOR6;EXCELSIOR-ON;BAUH3;SAO PAULO EXCHANGE;BRL;SAO;BR
BRBAUHACNPR3;EXCELSIOR-PN;BAUH4;SAO PAULO EXCHANGE;BRL;SAO;BR
BREZTCACNOR0;EZTEC-ON;EZTC3;SAO PAULO EXCHANGE;BRL;SAO;BR
BRFTRXACNOR0;FAB C RENAUX-ON;FTRX3;SAO PAULO EXCHANGE;BRL;SAO;BR
BRFTRXACNPR7;FAB C RENAUX-PN;FTRX4;SAO PAULO EXCHANGE;BRL;SAO;BR
BRVSPTACNOR1;FER C ATLANT-ON;VSPT3;SAO PAULO EXCHANGE;BRL;SAO;BR
BRVSPTACNPR8;FER C ATLANT-PN;VSPT4;SAO PAULO EXCHANGE;BRL;SAO;BR
BRFHERACNOR5;FER HERINGER-ON;FHER3;SAO PAULO EXCHANGE;BRL;SAO;BR
BRFESAACNOR8;FERBASA-ON;FESA3;SAO PAULO EXCHANGE;BRL;SAO;BR
BRFESAACNPR5;FERBASA-PN;FESA4;SAO PAULO EXCHANGE;BRL;SAO;BR
BRFBMCACNOR3;FIBAM-ON;FBMC3;SAO PAULO EXCHANGE;BRL;SAO;BR
BRFBMCACNPR0;FIBAM-PN;FBMC4;SAO PAULO EXCHANGE;BRL;SAO;BR
BRFIBRACNOR9;FIBRIA-ON;FIBR3;SAO PAULO EXCHANGE;BRL;SAO;BR
BRTAXAINDM44;FINANC/TERMO-120;TAXA4;SAO PAULO EXCHANGE;BRL;SAO;BR
BRTAXAINDM51;FINANC/TERMO-150;TAXA5;SAO PAULO EXCHANGE;BRL;SAO;BR
BRTAXAINDM69;FINANC/TERMO-180;TAXA6;SAO PAULO EXCHANGE;BRL;SAO;BR
BRTAXAINDM10;FINANC/TERMO-30;TAXA1;SAO PAULO EXCHANGE;BRL;SAO;BR
BRTAXAINDM28;FINANC/TERMO-60;TAXA2;SAO PAULO EXCHANGE;BRL;SAO;BR
BRTAXAINDM36;FINANC/TERMO-90;TAXA3;SAO PAULO EXCHANGE;BRL;SAO;BR
BRTAXAINDM77;FINANC/TERMO-DIA;TAXA0;SAO PAULO EXCHANGE;BRL;SAO;BR
BRFNCNACNOR6;FINANSINOS-ON;FNCN3;SAO PAULO EXCHANGE;BRL;SAO;BR
BRFJTAACNOR5;FORJA TAURUS-ON;FJTA3;SAO PAULO EXCHANGE;BRL;SAO;BR
BRFJTAACNPR2;FORJA TAURUS-PN;FJTA4;SAO PAULO EXCHANGE;BRL;SAO;BR
BRFPRTACNOR6;FORPART-ON;FPRT3B;SAO PAULO EXCHANGE;BRL;SAO;BR
BRFPRTACNPR3;FORPART-PN;FPRT4B;SAO PAULO EXCHANGE;BRL;SAO;BR
BRFFTLACNOR0;FOSFERTIL-ON;FFTL3;SAO PAULO EXCHANGE;BRL;SAO;BR
BRFFTLACNPR7;FOSFERTIL-PN;FFTL4;SAO PAULO EXCHANGE;BRL;SAO;BR
BRFRASACNOR0;FRAS-LE-ON;FRAS3;SAO PAULO EXCHANGE;BRL;SAO;BR
BRFRASACNPR7;FRAS-LE-PN;FRAS4;SAO PAULO EXCHANGE;BRL;SAO;BR
BRFTRTACNOR8;FUTURETEL-ON;FTRT3B;SAO PAULO EXCHANGE;BRL;SAO;BR
BRGFSAACNOR3;GAFISA-ON;GFSA3;SAO PAULO EXCHANGE;BRL;SAO;BR
BROPGMACNOR6;GAMA PART-ON;OPGM3B;SAO PAULO EXCHANGE;BRL;SAO;BR
BRGRDAACNOR0;GARUDA-ON;GRDA3B;SAO PAULO EXCHANGE;BRL;SAO;BR
BRGRDAACNPR7;GARUDA-PN;GRDA4B;SAO PAULO EXCHANGE;BRL;SAO;BR
BRGAZOACNOR0;GAZOLA-ON;GAZO3;SAO PAULO EXCHANGE;BRL;SAO;BR
BRGAZOACNPR7;GAZOLA-PN;GAZO4;SAO PAULO EXCHANGE;BRL;SAO;BR
BRGSHPACNOR7;GENERALSHOPP-ON;GSHP3;SAO PAULO EXCHANGE;BRL;SAO;BR
BRGEPAACNOR2;GER PARANAP-ON;GEPA3;SAO PAULO EXCHANGE;BRL;SAO;BR
BRGEPAACNPR9;GER PARANAP-PN;GEPA4;SAO PAULO EXCHANGE;BRL;SAO;BR
BRGOAUACNOR1;GERDAU MET-ON;GOAU3;SAO PAULO EXCHANGE;BRL;SAO;BR
BRGOAUACNPR8;GERDAU MET-PN;GOAU4;SAO PAULO EXCHANGE;BRL;SAO;BR
BRGGBRACNOR1;GERDAU-ON;GGBR3;SAO PAULO EXCHANGE;BRL;SAO;BR
BRGGBRACNPR8;GERDAU-PN;GGBR4;SAO PAULO EXCHANGE;BRL;SAO;BR
BRGLOBACNOR8;GLOBEX-ON;GLOB3;SAO PAULO EXCHANGE;BRL;SAO;BR
BRGOLLACNOR7;GOL-ON;GOLL3;SAO PAULO EXCHANGE;BRL;SAO;BR
BRGOLLACNPR4;GOL-PN;GOLL4;SAO PAULO EXCHANGE;BRL;SAO;BR
BRGPIVBDR003;GP INVEST-DR3;GPIV11;SAO PAULO EXCHANGE;BRL;SAO;BR
BRGPCPACNOR4;GPC PART-ON;GPCP3;SAO PAULO EXCHANGE;BRL;SAO;BR
BRIGBRACNOR7;GRADIENTE-ON;IGBR3;SAO PAULO EXCHANGE;BRL;SAO;BR
BRCGRAACNOR2;GRAZZIOTIN-ON;CGRA3;SAO PAULO EXCHANGE;BRL;SAO;BR
BRCGRAACNPR9;GRAZZIOTIN-PN;CGRA4;SAO PAULO EXCHANGE;BRL;SAO;BR
BRGRNDACNOR3;GRENDENE-ON;GRND3;SAO PAULO EXCHANGE;BRL;SAO;BR
BRGRUCACNOR0;GRUCAI-ON;GRUC3;SAO PAULO EXCHANGE;BRL;SAO;BR
BRGRUCACNPB1;GRUCAI-PNB;GRUC6;SAO PAULO EXCHANGE;BRL;SAO;BR
BRGTDPACNOR4;GTD PART-ON;GTDP3B;SAO PAULO EXCHANGE;BRL;SAO;BR
BRGTDPACNPR1;GTD PART-PN;GTDP4B;SAO PAULO EXCHANGE;BRL;SAO;BR
BRACGUACNOR6;GUARANI-ON;ACGU3;SAO PAULO EXCHANGE;BRL;SAO;BR
BRGUARACNOR4;GUARARAPES-ON;GUAR3;SAO PAULO EXCHANGE;BRL;SAO;BR
BRGUARACNPR1;GUARARAPES-PN;GUAR4;SAO PAULO EXCHANGE;BRL;SAO;BR
BRGVTTACNOR8;GVT HOLDING-ON;GVTT3;SAO PAULO EXCHANGE;BRL;SAO;BR
BRHBTSACNOR0;HABITASUL-ON;HBTS3;SAO PAULO EXCHANGE;BRL;SAO;BR
BRHBTSACNPA3;HABITASUL-PNA;HBTS5;SAO PAULO EXCHANGE;BRL;SAO;BR
BRHBTSACNPB1;HABITASUL-PNB;HBTS6;SAO PAULO EXCHANGE;BRL;SAO;BR
BRHBORACNOR3;HELBOR-ON;HBOR3;SAO PAULO EXCHANGE;BRL;SAO;BR
BRHETAACNOR2;HERCULES-ON;HETA3;SAO PAULO EXCHANGE;BRL;SAO;BR
BRHETAACNPR9;HERCULES-PN;HETA4;SAO PAULO EXCHANGE;BRL;SAO;BR
BRHOOTACNOR2;HOTEIS OTHON-ON;HOOT3;SAO PAULO EXCHANGE;BRL;SAO;BR
BRHOOTACNPR9;HOTEIS OTHON-PN;HOOT4;SAO PAULO EXCHANGE;BRL;SAO;BR
BRHYPEACNOR0;HYPERMARCAS-ON;HYPE3;SAO PAULO EXCHANGE;BRL;SAO;BR
BRIBCOINDM11;IBANCOS-IBC;IBCO11;SAO PAULO EXCHANGE;BRL;SAO;BR
BRIBOVINDM18;IBOVESPA-IBO;IBOV11;SAO PAULO EXCHANGE;BRL;SAO;BR
BRIBXLINDM19;IBRX 50-IBX;IBXL11;SAO PAULO EXCHANGE;BRL;SAO;BR
BRIBXXINDM15;IBRX BRASIL-IBX;IBXX11;SAO PAULO EXCHANGE;BRL;SAO;BR
BRICONINDM17;ICONSUMO-ICO;ICON11;SAO PAULO EXCHANGE;BRL;SAO;BR
BRIDNTACNOR5;IDEIASNET-ON;IDNT3;SAO PAULO EXCHANGE;BRL;SAO;BR
BRIEEXINDM15;IEELETRICA-IEE;IEEX11;SAO PAULO EXCHANGE;BRL;SAO;BR
BRIENGACNOR0;IENERGIA-ON;IENG3;SAO PAULO EXCHANGE;BRL;SAO;BR
BRIENGACNPA3;IENERGIA-PNA;IENG5;SAO PAULO EXCHANGE;BRL;SAO;BR
BRIENGACNPB1;IENERGIA-PNB;IENG6;SAO PAULO EXCHANGE;BRL;SAO;BR
BRIGCXINDM15;IGOVERNANCA-IGC;IGCX11;SAO PAULO EXCHANGE;BRL;SAO;BR
BRIGUAACNOR3;IGUACU CAFE-ON;IGUA3;SAO PAULO EXCHANGE;BRL;SAO;BR
BRIGUAACNPA6;IGUACU CAFE-PNA;IGUA5;SAO PAULO EXCHANGE;BRL;SAO;BR
BRIGUAACNPB4;IGUACU CAFE-PNB;IGUA6;SAO PAULO EXCHANGE;BRL;SAO;BR
BRIGTAACNOR5;IGUATEMI-ON;IGTA3;SAO PAULO EXCHANGE;BRL;SAO;BR
BRIMOBINDM19;IMOBILIARIO-IMO;IMOB11;SAO PAULO EXCHANGE;BRL;SAO;BR
BRCATAACNOR1;IND CATAGUAS-ON;CATA3;SAO PAULO EXCHANGE;BRL;SAO;BR
BRCATAACNPR8;IND CATAGUAS-PN;CATA4;SAO PAULO EXCHANGE;BRL;SAO;BR
BRILIDINDM16;INDLIDER-ILI;ILID11;SAO PAULO EXCHANGE;BRL;SAO;BR
BRROMIACNOR8;INDS ROMI-ON;ROMI3;SAO PAULO EXCHANGE;BRL;SAO;BR
BRINDXINDM15;INDUSTRIAL-IND;INDX11;SAO PAULO EXCHANGE;BRL;SAO;BR
BRIDVLACNOR5;INDUSVAL-ON;IDVL3;SAO PAULO EXCHANGE;BRL;SAO;BR
BRIDVLACNPR2;INDUSVAL-PN;IDVL4;SAO PAULO EXCHANGE;BRL;SAO;BR
BRINETACNOR3;INEPAR TEL-ON;INET3;SAO PAULO EXCHANGE;BRL;SAO;BR
BRINEPACNOR1;INEPAR-ON;INEP3;SAO PAULO EXCHANGE;BRL;SAO;BR
BRINEPACNPR8;INEPAR-PN;INEP4;SAO PAULO EXCHANGE;BRL;SAO;BR
BRINPRACNOR3;INPAR S/A-ON;INPR3;SAO PAULO EXCHANGE;BRL;SAO;BR
BRIVPRACNOR6;INVEPAR-ON;IVPR3B;SAO PAULO EXCHANGE;BRL;SAO;BR
BRIVPRACNPR3;INVEPAR-PN;IVPR4B;SAO PAULO EXCHANGE;BRL;SAO;BR
BRFIGEACNOR6;INVEST BEMGE-ON;FIGE3;SAO PAULO EXCHANGE;BRL;SAO;BR
BRFIGEACNPR3;INVEST BEMGE-PN;FIGE4;SAO PAULO EXCHANGE;BRL;SAO;BR
BRIVTTACNOR4;INVEST TUR-ON;IVTT3;SAO PAULO EXCHANGE;BRL;SAO;BR
BRMYPKACNOR7;IOCHP-MAXION-ON;MYPK3;SAO PAULO EXCHANGE;BRL;SAO;BR
BRISEEINDM12;ISUSTENTABIL-ISE;ISEE11;SAO PAULO EXCHANGE;BRL;SAO;BR
BRITAGINDM13;ITAG ALONG-ITA;ITAG11;SAO PAULO EXCHANGE;BRL;SAO;BR
BRSQRMACNOR2;ITAITINGA-ON;SQRM3;SAO PAULO EXCHANGE;BRL;SAO;BR
BRSQRMARNPB1;ITAITINGA-PRB;SQRM11;SAO PAULO EXCHANGE;BRL;SAO;BR
BRITSAACNOR0;ITAUSA-ON;ITSA3;SAO PAULO EXCHANGE;BRL;SAO;BR
BRITSAACNPR7;ITAUSA-PN;ITSA4;SAO PAULO EXCHANGE;BRL;SAO;BR
BRITECACNOR6;ITAUTEC-ON;ITEC3;SAO PAULO EXCHANGE;BRL;SAO;BR
BRITUBACNOR4;ITAUUNIBANCO-ON;ITUB3;SAO PAULO EXCHANGE;BRL;SAO;BR
BRITUBACNPR1;ITAUUNIBANCO-PN;ITUB4;SAO PAULO EXCHANGE;BRL;SAO;BR
BRITELINDM12;ITELECOM-ITE;ITEL11;SAO PAULO EXCHANGE;BRL;SAO;BR
BRIVBXINDM17;IVBX2-IVB;IVBX11;SAO PAULO EXCHANGE;BRL;SAO;BR
BRJBDUACNOR6;J B DUARTE-ON;JBDU3;SAO PAULO EXCHANGE;BRL;SAO;BR
BRJBDUACNPR3;J B DUARTE-PN;JBDU4;SAO PAULO EXCHANGE;BRL;SAO;BR
BRJBSSACNOR8;JBS-ON;JBSS3;SAO PAULO EXCHANGE;BRL;SAO;BR
BRMLFTACNOR6;JEREISSATI-ON;MLFT3;SAO PAULO EXCHANGE;BRL;SAO;BR
BRMLFTACNPR3;JEREISSATI-PN;MLFT4;SAO PAULO EXCHANGE;BRL;SAO;BR
BRJHSFACNOR2;JHSF PART-ON;JHSF3;SAO PAULO EXCHANGE;BRL;SAO;BR
BRJFENACNOR0;JOAO FORTES-ON;JFEN3;SAO PAULO EXCHANGE;BRL;SAO;BR
BRJOPAACNOR5;JOSAPAR-ON;JOPA3;SAO PAULO EXCHANGE;BRL;SAO;BR
BRJOPAACNPR2;JOSAPAR-PN;JOPA4;SAO PAULO EXCHANGE;BRL;SAO;BR
BRCTKAACNOR0;KARSTEN-ON;CTKA3;SAO PAULO EXCHANGE;BRL;SAO;BR
BRCTKAACNPR7;KARSTEN-PN;CTKA4;SAO PAULO EXCHANGE;BRL;SAO;BR
BRKEPLACNOR1;KEPLER WEBER-ON;KEPL3;SAO PAULO EXCHANGE;BRL;SAO;BR
BRKLBNACNOR2;KLABIN S/A-ON;KLBN3;SAO PAULO EXCHANGE;BRL;SAO;BR
BRKLBNACNPR9;KLABIN S/A-PN;KLBN4;SAO PAULO EXCHANGE;BRL;SAO;BR
BRKSSAACNOR8;KLABINSEGALL-ON;KSSA3;SAO PAULO EXCHANGE;BRL;SAO;BR
BRKROTACNOR9;KROTON-ON;KROT3;SAO PAULO EXCHANGE;BRL;SAO;BR
BRKROTACNPR6;KROTON-PN;KROT4;SAO PAULO EXCHANGE;BRL;SAO;BR
BRKROTCDAM11;KROTON-UNT;KROT11;SAO PAULO EXCHANGE;BRL;SAO;BR
BRLFFEACNOR2;LA FONTE TEL-ON;LFFE3;SAO PAULO EXCHANGE;BRL;SAO;BR
BRLFFEACNPR9;LA FONTE TEL-PN;LFFE4;SAO PAULO EXCHANGE;BRL;SAO;BR
BRMILKBDR003;LAEP-DR3;MILK11;SAO PAULO EXCHANGE;BRL;SAO;BR
BRLARKACNOR5;LARK MAQS-ON;LARK3;SAO PAULO EXCHANGE;BRL;SAO;BR
BRLARKACNPR2;LARK MAQS-PN;LARK4;SAO PAULO EXCHANGE;BRL;SAO;BR
BRLLISACNOR4;LE LIS BLANC-ON;LLIS3;SAO PAULO EXCHANGE;BRL;SAO;BR
BRPITIACNOR9;LF TEL-ON;PITI3;SAO PAULO EXCHANGE;BRL;SAO;BR
BRPITIACNPR6;LF TEL-PN;PITI4;SAO PAULO EXCHANGE;BRL;SAO;BR
BRBITYACNOR6;LIGAFUTEBOL-ON;BITY3B;SAO PAULO EXCHANGE;BRL;SAO;BR
BRLIGTACNOR2;LIGHT S/A-ON;LIGT3;SAO PAULO EXCHANGE;BRL;SAO;BR
BRLTELACNOR1;LITEL-ON;LTEL3B;SAO PAULO EXCHANGE;BRL;SAO;BR
BRLTELACNPA4;LITEL-PNA;LTEL5B;SAO PAULO EXCHANGE;BRL;SAO;BR
BRLTELARNPB0;LITEL-PRB;LTEL11B;SAO PAULO EXCHANGE;BRL;SAO;BR
BRLGLOACNOR7;LIVR GLOBO-ON;LGLO3;SAO PAULO EXCHANGE;BRL;SAO;BR
BRLGLOACNPR4;LIVR GLOBO-PN;LGLO4;SAO PAULO EXCHANGE;BRL;SAO;BR
BRLIXCACNOR3;LIX DA CUNHA-ON;LIXC3;SAO PAULO EXCHANGE;BRL;SAO;BR
BRLIXCACNPR0;LIX DA CUNHA-PN;LIXC4;SAO PAULO EXCHANGE;BRL;SAO;BR
BRLLXLACNOR8;LLX LOG-ON;LLXL3;SAO PAULO EXCHANGE;BRL;SAO;BR
BRRENTACNOR4;LOCALIZA-ON;RENT3;SAO PAULO EXCHANGE;BRL;SAO;BR
BRLOGNACNOR3;LOG-IN-ON;LOGN3;SAO PAULO EXCHANGE;BRL;SAO;BR
BRLAMEACNOR9;LOJAS AMERIC-ON;LAME3;SAO PAULO EXCHANGE;BRL;SAO;BR
BRLAMEACNPR6;LOJAS AMERIC-PN;LAME4;SAO PAULO EXCHANGE;BRL;SAO;BR
BRLRENACNOR1;LOJAS RENNER-ON;LREN3;SAO PAULO EXCHANGE;BRL;SAO;BR
BRSPRTACNOR9;LONGDIS-ON;SPRT3B;SAO PAULO EXCHANGE;BRL;SAO;BR
BRLPSBACNOR0;LOPES BRASIL-ON;LPSB3;SAO PAULO EXCHANGE;BRL;SAO;BR
BRLUPAACNOR8;LUPATECH-ON;LUPA3;SAO PAULO EXCHANGE;BRL;SAO;BR
BRRHDSACNOR0;M G POLIEST-ON;RHDS3;SAO PAULO EXCHANGE;BRL;SAO;BR
BRMDIAACNOR7;M.DIASBRANCO-ON;MDIA3;SAO PAULO EXCHANGE;BRL;SAO;BR
BRMAGGACNOR4;MAGNESITA SA-ON;MAGG3;SAO PAULO EXCHANGE;BRL;SAO;BR
BRMGELACNOR6;MANGELS INDL-ON;MGEL3;SAO PAULO EXCHANGE;BRL;SAO;BR
BRMGELACNPR3;MANGELS INDL-PN;MGEL4;SAO PAULO EXCHANGE;BRL;SAO;BR
BRMAORACNOR5;MAORI-ON;MAOR3B;SAO PAULO EXCHANGE;BRL;SAO;BR
BRMAORACNPR2;MAORI-PN;MAOR4B;SAO PAULO EXCHANGE;BRL;SAO;BR
BRCTPCACNOR5;MARAMBAIA-ON;CTPC3;SAO PAULO EXCHANGE;BRL;SAO;BR
BRPOMOACNOR0;MARCOPOLO-ON;POMO3;SAO PAULO EXCHANGE;BRL;SAO;BR
BRPOMOACNPR7;MARCOPOLO-PN;POMO4;SAO PAULO EXCHANGE;BRL;SAO;BR
BRMRFGACNOR0;MARFRIG-ON;MRFG3;SAO PAULO EXCHANGE;BRL;SAO;BR
BRMARIACNOR7;MARISA-ON;MARI3;SAO PAULO EXCHANGE;BRL;SAO;BR
BRMRSLACNOR3;MARISOL-ON;MRSL3;SAO PAULO EXCHANGE;BRL;SAO;BR
BRMRSLACNPR0;MARISOL-PN;MRSL4;SAO PAULO EXCHANGE;BRL;SAO;BR
BRMEDIACNOR9;MEDIAL SAUDE-ON;MEDI3;SAO PAULO EXCHANGE;BRL;SAO;BR
BRMSPAACNOR0;MELHOR SP-ON;MSPA3;SAO PAULO EXCHANGE;BRL;SAO;BR
BRMSPAACNPR7;MELHOR SP-PN;MSPA4;SAO PAULO EXCHANGE;BRL;SAO;BR
BRMLPAACNOR5;MELPAPER-ON;MLPA3;SAO PAULO EXCHANGE;BRL;SAO;BR
BRMLPAACNPR2;MELPAPER-PN;MLPA4;SAO PAULO EXCHANGE;BRL;SAO;BR
BRMENDACNOR9;MENDES JR-ON;MEND3;SAO PAULO EXCHANGE;BRL;SAO;BR
BRMENDACNPA2;MENDES JR-PNA;MEND5;SAO PAULO EXCHANGE;BRL;SAO;BR
BRMENDACNPB0;MENDES JR-PNB;MEND6;SAO PAULO EXCHANGE;BRL;SAO;BR
BRMNZCACNOR6;MENEZES CORT-ON;MNZC3B;SAO PAULO EXCHANGE;BRL;SAO;BR
BRBMEBACNOR8;MERC BRASIL-ON;BMEB3;SAO PAULO EXCHANGE;BRL;SAO;BR
BRBMEBACNPR5;MERC BRASIL-PN;BMEB4;SAO PAULO EXCHANGE;BRL;SAO;BR
BRMERCACNOR2;MERC FINANC-ON;MERC3;SAO PAULO EXCHANGE;BRL;SAO;BR
BRMERCACNPR9;MERC FINANC-PN;MERC4;SAO PAULO EXCHANGE;BRL;SAO;BR
BRBMINACNOR4;MERC INVEST-ON;BMIN3;SAO PAULO EXCHANGE;BRL;SAO;BR
BRBMINACNPR1;MERC INVEST-PN;BMIN4;SAO PAULO EXCHANGE;BRL;SAO;BR
BRDUQEACNOR5;MET DUQUE-ON;DUQE3;SAO PAULO EXCHANGE;BRL;SAO;BR
BRDUQEACNPR2;MET DUQUE-PN;DUQE4;SAO PAULO EXCHANGE;BRL;SAO;BR
BRMTIGACNOR0;METAL IGUACU-ON;MTIG3;SAO PAULO EXCHANGE;BRL;SAO;BR
BRMTIGACNPR7;METAL IGUACU-PN;MTIG4;SAO PAULO EXCHANGE;BRL;SAO;BR
BRLEVEACNOR2;METAL LEVE-ON;LEVE3;SAO PAULO EXCHANGE;BRL;SAO;BR
BRLEVEACNPR9;METAL LEVE-PN;LEVE4;SAO PAULO EXCHANGE;BRL;SAO;BR
BRFRIOACNOR2;METALFRIO-ON;FRIO3;SAO PAULO EXCHANGE;BRL;SAO;BR
BRMTSAACNOR2;METISA-ON;MTSA3;SAO PAULO EXCHANGE;BRL;SAO;BR
BRMTSAACNPR9;METISA-PN;MTSA4;SAO PAULO EXCHANGE;BRL;SAO;BR
BROPRTACNOR8;METRO RIO-ON;OPRT3B;SAO PAULO EXCHANGE;BRL;SAO;BR
BRMLCXINDM12;MIDLARGE CAP-MLC;MLCX11;SAO PAULO EXCHANGE;BRL;SAO;BR
BRTIBRACNOR0;MILLENNIUM-ON;TIBR3;SAO PAULO EXCHANGE;BRL;SAO;BR
BRTIBRACNPA3;MILLENNIUM-PNA;TIBR5;SAO PAULO EXCHANGE;BRL;SAO;BR
BRTIBRACNPB1;MILLENNIUM-PNB;TIBR6;SAO PAULO EXCHANGE;BRL;SAO;BR
BRMMAQACNOR1;MINASMAQUINA-ON;MMAQ3;SAO PAULO EXCHANGE;BRL;SAO;BR
BRMMAQACNPR8;MINASMAQUINA-PN;MMAQ4;SAO PAULO EXCHANGE;BRL;SAO;BR
BRBEEFACNOR6;MINERVA-ON;BEEF3;SAO PAULO EXCHANGE;BRL;SAO;BR
BRMIBVINDM10;MINI IBOV-MIB;MIBV11;SAO PAULO EXCHANGE;BRL;SAO;BR
BRMNPRACNOR5;MINUPAR-ON;MNPR3;SAO PAULO EXCHANGE;BRL;SAO;BR
BRMMXMACNOR2;MMX MINER-ON;MMXM3;SAO PAULO EXCHANGE;BRL;SAO;BR
BRMOEPACNOR1;MOENA PART-ON;MOEP3B;SAO PAULO EXCHANGE;BRL;SAO;BR
BRMOARACNOR5;MONT ARANHA-ON;MOAR3;SAO PAULO EXCHANGE;BRL;SAO;BR
BRMONPACNOR2;MONTICIANO-ON;MONP3B;SAO PAULO EXCHANGE;BRL;SAO;BR
BRMPXEACNOR2;MPX ENERGIA-ON;MPXE3;SAO PAULO EXCHANGE;BRL;SAO;BR
BRMRSAACNOR6;MRS LOGIST-ON;MRSA3B;SAO PAULO EXCHANGE;BRL;SAO;BR
BRMRSAACNPA9;MRS LOGIST-PNA;MRSA5B;SAO PAULO EXCHANGE;BRL;SAO;BR
BRMRSAACNPB7;MRS LOGIST-PNB;MRSA6B;SAO PAULO EXCHANGE;BRL;SAO;BR
BRMRVEACNOR2;MRV-ON;MRVE3;SAO PAULO EXCHANGE;BRL;SAO;BR
BRMULTACNOR5;MULTIPLAN-ON;MULT3;SAO PAULO EXCHANGE;BRL;SAO;BR
BRMNDLACNOR4;MUNDIAL-ON;MNDL3;SAO PAULO EXCHANGE;BRL;SAO;BR
BRMNDLACNPR1;MUNDIAL-PN;MNDL4;SAO PAULO EXCHANGE;BRL;SAO;BR
BRNAFGACNOR4;NADIR FIGUEI-ON;NAFG3;SAO PAULO EXCHANGE;BRL;SAO;BR
BRNAFGACNPR1;NADIR FIGUEI-PN;NAFG4;SAO PAULO EXCHANGE;BRL;SAO;BR
BRNATUACNOR6;NATURA-ON;NATU3;SAO PAULO EXCHANGE;BRL;SAO;BR
BRGNANACNOR8;NEOENERGIA-ON;GNAN3B;SAO PAULO EXCHANGE;BRL;SAO;BR
BRNETCACNOR6;NET-ON;NETC3;SAO PAULO EXCHANGE;BRL;SAO;BR
BRNETCACNPR3;NET-PN;NETC4;SAO PAULO EXCHANGE;BRL;SAO;BR
BRNEWTACNOR4;NEWTEL PART-ON;NEWT3B;SAO PAULO EXCHANGE;BRL;SAO;BR
BRBNBRACNOR8;NORD BRASIL-ON;BNBR3;SAO PAULO EXCHANGE;BRL;SAO;BR
BRBNBRACNPR5;NORD BRASIL-PN;BNBR4;SAO PAULO EXCHANGE;BRL;SAO;BR
BRNORDACNOR7;NORDON MET-ON;NORD3;SAO PAULO EXCHANGE;BRL;SAO;BR
BRBNCAACNOR2;NOSSA CAIXA-ON;BNCA3;SAO PAULO EXCHANGE;BRL;SAO;BR
BRNOVAACNOR5;NOVA AMERICA-ON;NOVA3B;SAO PAULO EXCHANGE;BRL;SAO;BR
BRNOVAACNPR2;NOVA AMERICA-PN;NOVA4B;SAO PAULO EXCHANGE;BRL;SAO;BR
BRNVMLACNOR6;NOVAMARL PET-ON;NVML3B;SAO PAULO EXCHANGE;BRL;SAO;BR
BRNVMPACNOR7;NOVAMARLIM-ON;NVMP3B;SAO PAULO EXCHANGE;BRL;SAO;BR
BRNUTRACNOR0;NUTRIPLANT-ON;NUTR3M;SAO PAULO EXCHANGE;BRL;SAO;BR
BRODERACNOR6;ODERICH-ON;ODER3;SAO PAULO EXCHANGE;BRL;SAO;BR
BRODERACNPR3;ODERICH-PN;ODER4;SAO PAULO EXCHANGE;BRL;SAO;BR
BRODPVACNOR4;ODONTOPREV-ON;ODPV3;SAO PAULO EXCHANGE;BRL;SAO;BR
BROPOEACNOR7;OESTE PART-ON;OPOE3B;SAO PAULO EXCHANGE;BRL;SAO;BR
BROGXPACNOR3;OGX PETROLEO-ON;OGXP3;SAO PAULO EXCHANGE;BRL;SAO;BR
BROHLBACNOR6;OHL BRASIL-ON;OHLB3;SAO PAULO EXCHANGE;BRL;SAO;BR
BROPHEACNOR1;OPPORT ENERG-ON;OPHE3B;SAO PAULO EXCHANGE;BRL;SAO;BR
BROSXBACNOR8;OSX BRASIL-ON;OSXB3;SAO PAULO EXCHANGE;BRL;SAO;BR
BRPCARACNOR3;P.ACUCAR-CBD-ON;PCAR3;SAO PAULO EXCHANGE;BRL;SAO;BR
BRPCARACNPA6;P.ACUCAR-CBD-PNA;PCAR5;SAO PAULO EXCHANGE;BRL;SAO;BR
BRBPNMACNOR9;PANAMERICANO-ON;BPNM3;SAO PAULO EXCHANGE;BRL;SAO;BR
BRBPNMACNPR6;PANAMERICANO-PN;BPNM4;SAO PAULO EXCHANGE;BRL;SAO;BR
BRPATIACNOR6;PANATLANTICA-ON;PATI3;SAO PAULO EXCHANGE;BRL;SAO;BR
BRPATIACNPR3;PANATLANTICA-PN;PATI4;SAO PAULO EXCHANGE;BRL;SAO;BR
BRPEABACNOR3;PAR AL BAHIA-ON;PEAB3;SAO PAULO EXCHANGE;BRL;SAO;BR
BRPEABACNPR0;PAR AL BAHIA-PN;PEAB4;SAO PAULO EXCHANGE;BRL;SAO;BR
BRPRBCACNOR1;PARANA-ON;PRBC3;SAO PAULO EXCHANGE;BRL;SAO;BR
BRPRBCACNPR8;PARANA-PN;PRBC4;SAO PAULO EXCHANGE;BRL;SAO;BR
BRPMAMACNOR3;PARANAPANEMA-ON;PMAM3;SAO PAULO EXCHANGE;BRL;SAO;BR
BRPMAMACNPR0;PARANAPANEMA-PN;PMAM4;SAO PAULO EXCHANGE;BRL;SAO;BR
BRPCPAACNOR7;PARCOM PART-ON;PCPA3B;SAO PAULO EXCHANGE;BRL;SAO;BR
BRPCPAACNPR4;PARCOM PART-PN;PCPA4B;SAO PAULO EXCHANGE;BRL;SAO;BR
BRBPATBDR005;PATAGONIA-DR3;BPAT11;SAO PAULO EXCHANGE;BRL;SAO;BR
BRPDGRACNOR8;PDG REALT-ON;PDGR3;SAO PAULO EXCHANGE;BRL;SAO;BR
BRPETRACNOR9;PETROBRAS-ON;PETR3;SAO PAULO EXCHANGE;BRL;SAO;BR
BRPETRACNPR6;PETROBRAS-PN;PETR4;SAO PAULO EXCHANGE;BRL;SAO;BR
BRPTPAACNOR1;PETROPAR-ON;PTPA3;SAO PAULO EXCHANGE;BRL;SAO;BR
BRPTPAACNPR8;PETROPAR-PN;PTPA4;SAO PAULO EXCHANGE;BRL;SAO;BR
BRPTNTACNOR6;PETTENATI-ON;PTNT3;SAO PAULO EXCHANGE;BRL;SAO;BR
BRPTNTACNPR3;PETTENATI-PN;PTNT4;SAO PAULO EXCHANGE;BRL;SAO;BR
BRPINEACNOR1;PINE-ON;PINE3;SAO PAULO EXCHANGE;BRL;SAO;BR
BRPINEACNPR8;PINE-PN;PINE4;SAO PAULO EXCHANGE;BRL;SAO;BR
BRPLASACNOR2;PLASCAR PART-ON;PLAS3;SAO PAULO EXCHANGE;BRL;SAO;BR
BRPPARACNOR5;POLPAR-ON;PPAR3;SAO PAULO EXCHANGE;BRL;SAO;BR
BRPSSAACNOR7;PORTO SEGURO-ON;PSSA3;SAO PAULO EXCHANGE;BRL;SAO;BR
BRPTBLACNOR8;PORTOBELLO-ON;PTBL3;SAO PAULO EXCHANGE;BRL;SAO;BR
BRPOSIACNOR9;POSITIVO INF-ON;POSI3;SAO PAULO EXCHANGE;BRL;SAO;BR
BRPQTMACNOR4;PQ HOPI HARI-ON;PQTM3;SAO PAULO EXCHANGE;BRL;SAO;BR
BRPQTMACNPR1;PQ HOPI HARI-PN;PQTM4;SAO PAULO EXCHANGE;BRL;SAO;BR
BRPRVTACNOR3;PRIVATINVEST-ON;PRVT3B;SAO PAULO EXCHANGE;BRL;SAO;BR
BRPMETACNOR0;PRO METALURG-ON;PMET3;SAO PAULO EXCHANGE;BRL;SAO;BR
BRPMETACNPA3;PRO METALURG-PNA;PMET5;SAO PAULO EXCHANGE;BRL;SAO;BR
BRPMETACNPB1;PRO METALURG-PNB;PMET6;SAO PAULO EXCHANGE;BRL;SAO;BR
BRPFRMACNOR1;PROFARMA-ON;PFRM3;SAO PAULO EXCHANGE;BRL;SAO;BR
BRPRMNACNOR5;PROMAN-ON;PRMN3B;SAO PAULO EXCHANGE;BRL;SAO;BR
BRPRPTACNOR5;PROMPT PART-ON;PRPT3B;SAO PAULO EXCHANGE;BRL;SAO;BR
BRPNORACNOR1;PRONOR-ON;PNOR3;SAO PAULO EXCHANGE;BRL;SAO;BR
BRPNORACNPA4;PRONOR-PNA;PNOR5;SAO PAULO EXCHANGE;BRL;SAO;BR
BRPNORACNPB2;PRONOR-PNB;PNOR6;SAO PAULO EXCHANGE;BRL;SAO;BR
BRPRVIACNOR6;PROVIDENCIA-ON;PRVI3;SAO PAULO EXCHANGE;BRL;SAO;BR
BRQGNPACNOR9;QGN PARTIC-ON;QGNP3B;SAO PAULO EXCHANGE;BRL;SAO;BR
BRQGNPACNPR6;QGN PARTIC-PN;QGNP4B;SAO PAULO EXCHANGE;BRL;SAO;BR
BRSZPQACNOR8;QUATTOR PETR-ON;SZPQ3;SAO PAULO EXCHANGE;BRL;SAO;BR
BRSZPQACNPR5;QUATTOR PETR-PN;SZPQ4;SAO PAULO EXCHANGE;BRL;SAO;BR
BRRAPTACNOR7;RANDON PART-ON;RAPT3;SAO PAULO EXCHANGE;BRL;SAO;BR
BRRAPTACNPR4;RANDON PART-PN;RAPT4;SAO PAULO EXCHANGE;BRL;SAO;BR
BRRSIPACNOR2;RASIP AGRO-ON;RSIP3;SAO PAULO EXCHANGE;BRL;SAO;BR
BRRSIPACNPR9;RASIP AGRO-PN;RSIP4;SAO PAULO EXCHANGE;BRL;SAO;BR
BRRBRAACNOR1;RBCAPITALRES-ON;RBRA3B;SAO PAULO EXCHANGE;BRL;SAO;BR
BRRBCSACNOR5;RBCAPITALSEC-ON;RBCS3B;SAO PAULO EXCHANGE;BRL;SAO;BR
BRRCSLACNOR4;RECRUSUL-ON;RCSL3;SAO PAULO EXCHANGE;BRL;SAO;BR
BRRCSLACNPR1;RECRUSUL-PN;RCSL4;SAO PAULO EXCHANGE;BRL;SAO;BR
BRREDEACNOR7;REDE ENERGIA-ON;REDE3;SAO PAULO EXCHANGE;BRL;SAO;BR
BRREDEACNPR4;REDE ENERGIA-PN;REDE4;SAO PAULO EXCHANGE;BRL;SAO;BR
BRRDCDACNOR3;REDECARD-ON;RDCD3;SAO PAULO EXCHANGE;BRL;SAO;BR
BRRNARACNOR6;RENAR-ON;RNAR3;SAO PAULO EXCHANGE;BRL;SAO;BR
BROPREACNOR0;RET PART-ON;OPRE3B;SAO PAULO EXCHANGE;BRL;SAO;BR
BRREEMACNOR8;RIMET-ON;REEM3;SAO PAULO EXCHANGE;BRL;SAO;BR
BRREEMACNPR5;RIMET-PN;REEM4;SAO PAULO EXCHANGE;BRL;SAO;BR
BRRSULACNOR6;RIOSULENSE-ON;RSUL3;SAO PAULO EXCHANGE;BRL;SAO;BR
BRRSULACNPR3;RIOSULENSE-PN;RSUL4;SAO PAULO EXCHANGE;BRL;SAO;BR
BRRDNIACNOR9;RODOBENSIMOB-ON;RDNI3;SAO PAULO EXCHANGE;BRL;SAO;BR
BRRSIDACNOR8;ROSSI RESID-ON;RSID3;SAO PAULO EXCHANGE;BRL;SAO;BR
BRSBSPACNOR5;SABESP-ON;SBSP3;SAO PAULO EXCHANGE;BRL;SAO;BR
BRFCAPACNOR8;SAM INDUSTR-ON;FCAP3;SAO PAULO EXCHANGE;BRL;SAO;BR
BRFCAPACNPR5;SAM INDUSTR-PN;FCAP4;SAO PAULO EXCHANGE;BRL;SAO;BR
BRSAPRACNOR9;SANEPAR-ON;SAPR3;SAO PAULO EXCHANGE;BRL;SAO;BR
BRSAPRACNPR6;SANEPAR-PN;SAPR4;SAO PAULO EXCHANGE;BRL;SAO;BR
BRSANBACNOR8;SANTANDER BR-ON;SANB3;SAO PAULO EXCHANGE;BRL;SAO;BR
BRSANBACNPR5;SANTANDER BR-PN;SANB4;SAO PAULO EXCHANGE;BRL;SAO;BR
BRSANBCDAM13;SANTANDER BR-UNT;SANB11;SAO PAULO EXCHANGE;BRL;SAO;BR
BRCTSAACNOR3;SANTANENSE-ON;CTSA3;SAO PAULO EXCHANGE;BRL;SAO;BR
BRCTSAACNPR0;SANTANENSE-PN;CTSA4;SAO PAULO EXCHANGE;BRL;SAO;BR
BRCTSAACNPD0;SANTANENSE-PND;CTSA8;SAO PAULO EXCHANGE;BRL;SAO;BR
BRSTBPACNOR3;SANTOS BRP-ON;STBP3;SAO PAULO EXCHANGE;BRL;SAO;BR
BRSTBPACNPR0;SANTOS BRP-PN;STBP4;SAO PAULO EXCHANGE;BRL;SAO;BR
BRSTBPCDAM10;SANTOS BRP-UNT;STBP11;SAO PAULO EXCHANGE;BRL;SAO;BR
BRSCARACNOR7;SAO CARLOS-ON;SCAR3;SAO PAULO EXCHANGE;BRL;SAO;BR
BRSMTOACNOR3;SAO MARTINHO-ON;SMTO3;SAO PAULO EXCHANGE;BRL;SAO;BR
BRSLEDACNOR0;SARAIVA LIVR-ON;SLED3;SAO PAULO EXCHANGE;BRL;SAO;BR
BRSLEDACNPR7;SARAIVA LIVR-PN;SLED4;SAO PAULO EXCHANGE;BRL;SAO;BR
BRPSEGACNOR4;SAUIPE-ON;PSEG3;SAO PAULO EXCHANGE;BRL;SAO;BR
BRPSEGACNPR1;SAUIPE-PN;PSEG4;SAO PAULO EXCHANGE;BRL;SAO;BR
BRVAGVACNOR4;SAVARG-ON;VAGV3;SAO PAULO EXCHANGE;BRL;SAO;BR
BRVAGVACNPR1;SAVARG-PN;VAGV4;SAO PAULO EXCHANGE;BRL;SAO;BR
BRSCLOACNOR1;SCHLOSSER-ON;SCLO3;SAO PAULO EXCHANGE;BRL;SAO;BR
BRSCLOACNPR8;SCHLOSSER-PN;SCLO4;SAO PAULO EXCHANGE;BRL;SAO;BR
BRSHULACNOR7;SCHULZ-ON;SHUL3;SAO PAULO EXCHANGE;BRL;SAO;BR
BRSHULACNPR4;SCHULZ-PN;SHUL4;SAO PAULO EXCHANGE;BRL;SAO;BR
BRSEBBACNOR5;SEB-ON;SEBB3;SAO PAULO EXCHANGE;BRL;SAO;BR
BRSEBBACNPR2;SEB-PN;SEBB4;SAO PAULO EXCHANGE;BRL;SAO;BR
BRSEBBCDAM13;SEB-UNT;SEBB11;SAO PAULO EXCHANGE;BRL;SAO;BR
BRCSABACNOR1;SEG AL BAHIA-ON;CSAB3;SAO PAULO EXCHANGE;BRL;SAO;BR
BRCSABACNPR8;SEG AL BAHIA-PN;CSAB4;SAO PAULO EXCHANGE;BRL;SAO;BR
BRSLCTACNOR0;SELECTPART-ON;SLCT3B;SAO PAULO EXCHANGE;BRL;SAO;BR
BRSGENACNOR9;SERGEN-ON;SGEN3;SAO PAULO EXCHANGE;BRL;SAO;BR
BRSGENACNPR6;SERGEN-PN;SGEN4;SAO PAULO EXCHANGE;BRL;SAO;BR
BRSETIACNOR2;SETIBA PART-ON;SETI3B;SAO PAULO EXCHANGE;BRL;SAO;BR
BRCSNAACNOR6;SID NACIONAL-ON;CSNA3;SAO PAULO EXCHANGE;BRL;SAO;BR
BRSLCEACNOR2;SLC AGRICOLA-ON;SLCE3;SAO PAULO EXCHANGE;BRL;SAO;BR
BRSMLLINDM18;SMALL CAP-SML;SMLL11;SAO PAULO EXCHANGE;BRL;SAO;BR
BRSFSAACNOR8;SOFISA-ON;SFSA3;SAO PAULO EXCHANGE;BRL;SAO;BR
BRSFSAACNPR5;SOFISA-PN;SFSA4;SAO PAULO EXCHANGE;BRL;SAO;BR
BRSONDACNOR5;SONDOTECNICA-ON;SOND3;SAO PAULO EXCHANGE;BRL;SAO;BR
BRSONDACNPA8;SONDOTECNICA-PNA;SOND5;SAO PAULO EXCHANGE;BRL;SAO;BR
BRSONDACNPB6;SONDOTECNICA-PNB;SOND6;SAO PAULO EXCHANGE;BRL;SAO;BR
BRCRUZACNOR0;SOUZA CRUZ-ON;CRUZ3;SAO PAULO EXCHANGE;BRL;SAO;BR
BRSPRIACNOR2;SPRINGER-ON;SPRI3;SAO PAULO EXCHANGE;BRL;SAO;BR
BRSPRIACNPA5;SPRINGER-PNA;SPRI5;SAO PAULO EXCHANGE;BRL;SAO;BR
BRSPRIACNPB3;SPRINGER-PNB;SPRI6;SAO PAULO EXCHANGE;BRL;SAO;BR
BRSGPSACNOR4;SPRINGS-ON;SGPS3;SAO PAULO EXCHANGE;BRL;SAO;BR
BRAHEBACNOR0;SPTURIS-ON;AHEB3;SAO PAULO EXCHANGE;BRL;SAO;BR
BRAHEBACNPA3;SPTURIS-PNA;AHEB5;SAO PAULO EXCHANGE;BRL;SAO;BR
BRAHEBACNPB1;SPTURIS-PNB;AHEB6;SAO PAULO EXCHANGE;BRL;SAO;BR
BRSTLBACNOR2;STEEL BRASIL-ON;STLB3;SAO PAULO EXCHANGE;BRL;SAO;BR
BROPSEACNOR8;SUDESTE S/A-ON;OPSE3B;SAO PAULO EXCHANGE;BRL;SAO;BR
BROPTSACNOR6;SUL 116 PART-ON;OPTS3B;SAO PAULO EXCHANGE;BRL;SAO;BR
BRSULAACNOR2;SUL AMERICA-ON;SULA3;SAO PAULO EXCHANGE;BRL;SAO;BR
BRSULAACNPR9;SUL AMERICA-PN;SULA4;SAO PAULO EXCHANGE;BRL;SAO;BR
BRSULACDAM12;SUL AMERICA-UNT;SULA11;SAO PAULO EXCHANGE;BRL;SAO;BR
BRSULTACNOR2;SULTEPA-ON;SULT3;SAO PAULO EXCHANGE;BRL;SAO;BR
BRSULTACNPR9;SULTEPA-PN;SULT4;SAO PAULO EXCHANGE;BRL;SAO;BR
BRNEMOACNOR6;SUZANO HOLD-ON;NEMO3;SAO PAULO EXCHANGE;BRL;SAO;BR
BRNEMOACNPR3;SUZANO HOLD-PN;NEMO4;SAO PAULO EXCHANGE;BRL;SAO;BR
BRSUZBACNOR0;SUZANO PAPEL-ON;SUZB3;SAO PAULO EXCHANGE;BRL;SAO;BR
BRSUZBACNPA3;SUZANO PAPEL-PNA;SUZB5;SAO PAULO EXCHANGE;BRL;SAO;BR
BRSUZBACNPB1;SUZANO PAPEL-PNB;SUZB6;SAO PAULO EXCHANGE;BRL;SAO;BR
BRTAMMACNOR5;TAM S/A-ON;TAMM3;SAO PAULO EXCHANGE;BRL;SAO;BR
BRTAMMACNPR2;TAM S/A-PN;TAMM4;SAO PAULO EXCHANGE;BRL;SAO;BR
BRTRPNACNOR0;TARPON INV-ON;TRPN3;SAO PAULO EXCHANGE;BRL;SAO;BR
BRTENEACNOR2;TEC BLUMENAU-ON;TENE3;SAO PAULO EXCHANGE;BRL;SAO;BR
BRTENEACNPA5;TEC BLUMENAU-PNA;TENE5;SAO PAULO EXCHANGE;BRL;SAO;BR
BRTENEACNPB3;TEC BLUMENAU-PNB;TENE6;SAO PAULO EXCHANGE;BRL;SAO;BR
BRTENEACNPC1;TEC BLUMENAU-PNC;TENE7;SAO PAULO EXCHANGE;BRL;SAO;BR
BRSJOSACNOR1;TECEL S JOSE-ON;SJOS3;SAO PAULO EXCHANGE;BRL;SAO;BR
BRSJOSACNPR8;TECEL S JOSE-PN;SJOS4;SAO PAULO EXCHANGE;BRL;SAO;BR
BRTCSAACNOR3;TECNISA-ON;TCSA3;SAO PAULO EXCHANGE;BRL;SAO;BR
BRTCNOACNOR5;TECNOSOLO-ON;TCNO3;SAO PAULO EXCHANGE;BRL;SAO;BR
BRTCNOACNPR2;TECNOSOLO-PN;TCNO4;SAO PAULO EXCHANGE;BRL;SAO;BR
BRTOYBACNOR4;TECTOY-ON;TOYB3;SAO PAULO EXCHANGE;BRL;SAO;BR
BRTOYBACNPR1;TECTOY-PN;TOYB4;SAO PAULO EXCHANGE;BRL;SAO;BR
BRTGMAACNOR7;TEGMA-ON;TGMA3;SAO PAULO EXCHANGE;BRL;SAO;BR
BRTEKAACNOR6;TEKA-ON;TEKA3;SAO PAULO EXCHANGE;BRL;SAO;BR
BRTEKAACNPR3;TEKA-PN;TEKA4;SAO PAULO EXCHANGE;BRL;SAO;BR
BRTKNOACNOR8;TEKNO-ON;TKNO3;SAO PAULO EXCHANGE;BRL;SAO;BR
BRTKNOACNPR5;TEKNO-PN;TKNO4;SAO PAULO EXCHANGE;BRL;SAO;BR
BRTNCPACNOR2;TELE NORT CL-ON;TNCP3;SAO PAULO EXCHANGE;BRL;SAO;BR
BRTNCPACNPR9;TELE NORT CL-PN;TNCP4;SAO PAULO EXCHANGE;BRL;SAO;BR
BRTELBACNOR2;TELEBRAS-ON;TELB3;SAO PAULO EXCHANGE;BRL;SAO;BR
BRTELBACNPR9;TELEBRAS-PN;TELB4;SAO PAULO EXCHANGE;BRL;SAO;BR
BRTEFCBDR014;TELEFONICA-DR3;TEFC11;SAO PAULO EXCHANGE;BRL;SAO;BR
BRTMARACNOR4;TELEMAR N L-ON;TMAR3;SAO PAULO EXCHANGE;BRL;SAO;BR
BRTMARACNPA7;TELEMAR N L-PNA;TMAR5;SAO PAULO EXCHANGE;BRL;SAO;BR
BRTMARACNPB5;TELEMAR N L-PNB;TMAR6;SAO PAULO EXCHANGE;BRL;SAO;BR
BRTNLPACNOR3;TELEMAR-ON;TNLP3;SAO PAULO EXCHANGE;BRL;SAO;BR
BRTNLPACNPR0;TELEMAR-PN;TNLP4;SAO PAULO EXCHANGE;BRL;SAO;BR
BRTLPPACNOR8;TELESP-ON;TLPP3;SAO PAULO EXCHANGE;BRL;SAO;BR
BRTLPPACNPR5;TELESP-PN;TLPP4;SAO PAULO EXCHANGE;BRL;SAO;BR
BRTLVTACNOR8;TELINVEST-ON;TLVT3B;SAO PAULO EXCHANGE;BRL;SAO;BR
BRTEMPACNOR0;TEMPO PART-ON;TEMP3;SAO PAULO EXCHANGE;BRL;SAO;BR
BRTENDACNOR4;TENDA-ON;TEND3;SAO PAULO EXCHANGE;BRL;SAO;BR
BRTRNAACNOR2;TERNA PART-ON;TRNA3;SAO PAULO EXCHANGE;BRL;SAO;BR
BRTRNAACNPR9;TERNA PART-PN;TRNA4;SAO PAULO EXCHANGE;BRL;SAO;BR
BRTRNACDAM14;TERNA PART-UNT;TRNA11;SAO PAULO EXCHANGE;BRL;SAO;BR
BRTXRXACNOR3;TEX RENAUX-ON;TXRX3;SAO PAULO EXCHANGE;BRL;SAO;BR
BRTXRXACNPR0;TEX RENAUX-PN;TXRX4;SAO PAULO EXCHANGE;BRL;SAO;BR
BRTARPBDR001;TIG LTD-DR3;TARP11;SAO PAULO EXCHANGE;BRL;SAO;BR
BRTCSLACNOR0;TIM PART S/A-ON;TCSL3;SAO PAULO EXCHANGE;BRL;SAO;BR
BRTCSLACNPR7;TIM PART S/A-PN;TCSL4;SAO PAULO EXCHANGE;BRL;SAO;BR
BRTVITACNOR4;TIVIT-ON;TVIT3;SAO PAULO EXCHANGE;BRL;SAO;BR
BRTOTSACNOR8;TOTVS-ON;TOTS3;SAO PAULO EXCHANGE;BRL;SAO;BR
BRTBLEACNOR2;TRACTEBEL-ON;TBLE3;SAO PAULO EXCHANGE;BRL;SAO;BR
BRTRFOACNOR9;TRAFO-ON;TRFO3;SAO PAULO EXCHANGE;BRL;SAO;BR
BRTRFOACNPR6;TRAFO-PN;TRFO4;SAO PAULO EXCHANGE;BRL;SAO;BR
BRTRPLACNOR4;TRAN PAULIST-ON;TRPL3;SAO PAULO EXCHANGE;BRL;SAO;BR
BRTRPLACNPR1;TRAN PAULIST-PN;TRPL4;SAO PAULO EXCHANGE;BRL;SAO;BR
BRLUXMACNOR7;TREVISA-ON;LUXM3;SAO PAULO EXCHANGE;BRL;SAO;BR
BRLUXMACNPR4;TREVISA-PN;LUXM4;SAO PAULO EXCHANGE;BRL;SAO;BR
BRTRISACNOR4;TRISUL-ON;TRIS3;SAO PAULO EXCHANGE;BRL;SAO;BR
BRTPISACNOR8;TRIUNFO PART-ON;TPIS3;SAO PAULO EXCHANGE;BRL;SAO;BR
BRTRORACNOR4;TRORION-ON;TROR3;SAO PAULO EXCHANGE;BRL;SAO;BR
BRTRORACNPR1;TRORION-PN;TROR4;SAO PAULO EXCHANGE;BRL;SAO;BR
BRTUPYACNOR1;TUPY-ON;TUPY3;SAO PAULO EXCHANGE;BRL;SAO;BR
BRTUPYACNPR8;TUPY-PN;TUPY4;SAO PAULO EXCHANGE;BRL;SAO;BR
BRUGPAACNOR8;ULTRAPAR-ON;UGPA3;SAO PAULO EXCHANGE;BRL;SAO;BR
BRUGPAACNPR5;ULTRAPAR-PN;UGPA4;SAO PAULO EXCHANGE;BRL;SAO;BR
BRUNIPACNOR7;UNIPAR-ON;UNIP3;SAO PAULO EXCHANGE;BRL;SAO;BR
BRUNIPACNPA0;UNIPAR-PNA;UNIP5;SAO PAULO EXCHANGE;BRL;SAO;BR
BRUNIPACNPB8;UNIPAR-PNB;UNIP6;SAO PAULO EXCHANGE;BRL;SAO;BR
BRUOLLACNOR8;UOL-ON;UOLL3;SAO PAULO EXCHANGE;BRL;SAO;BR
BRUOLLACNPR5;UOL-PN;UOLL4;SAO PAULO EXCHANGE;BRL;SAO;BR
BRUPKPACNOR8;UPTICK-ON;UPKP3B;SAO PAULO EXCHANGE;BRL;SAO;BR
BRUSIMACNOR3;USIMINAS-ON;USIM3;SAO PAULO EXCHANGE;BRL;SAO;BR
BRUSIMACNPA6;USIMINAS-PNA;USIM5;SAO PAULO EXCHANGE;BRL;SAO;BR
BRUSIMACNPB4;USIMINAS-PNB;USIM6;SAO PAULO EXCHANGE;BRL;SAO;BR
BRUCOPACNOR8;USIN C PINTO-ON;UCOP3;SAO PAULO EXCHANGE;BRL;SAO;BR
BRUCOPACNPR5;USIN C PINTO-PN;UCOP4;SAO PAULO EXCHANGE;BRL;SAO;BR
BRVALEACNOR0;VALE-ON;VALE3;SAO PAULO EXCHANGE;BRL;SAO;BR
BRVALEACNPA3;VALE-PNA;VALE5;SAO PAULO EXCHANGE;BRL;SAO;BR
BRVLTRACNOR2;VALETRON-ON;VLTR3B;SAO PAULO EXCHANGE;BRL;SAO;BR
BRVPSCACNOR7;VARIG SERV-ON;VPSC3;SAO PAULO EXCHANGE;BRL;SAO;BR
BRVPSCACNPR4;VARIG SERV-PN;VPSC4;SAO PAULO EXCHANGE;BRL;SAO;BR
BRVPTAACNOR9;VARIG TRANSP-ON;VPTA3;SAO PAULO EXCHANGE;BRL;SAO;BR
BRVPTAACNPR6;VARIG TRANSP-PN;VPTA4;SAO PAULO EXCHANGE;BRL;SAO;BR
BRNCNEACNOR9;VBC ENERGIA-ON;NCNE3;SAO PAULO EXCHANGE;BRL;SAO;BR
BRNCNEACNPA2;VBC ENERGIA-PNA;NCNE5;SAO PAULO EXCHANGE;BRL;SAO;BR
BRVINEACNOR9;VICUNHA TEXT-ON;VINE3;SAO PAULO EXCHANGE;BRL;SAO;BR
BRVINEACNPA2;VICUNHA TEXT-PNA;VINE5;SAO PAULO EXCHANGE;BRL;SAO;BR
BRVINEACNPB0;VICUNHA TEXT-PNB;VINE6;SAO PAULO EXCHANGE;BRL;SAO;BR
BRVNETACNOR6;VISANET-ON;VNET3;SAO PAULO EXCHANGE;BRL;SAO;BR
BRVIVOACNOR1;VIVO-ON;VIVO3;SAO PAULO EXCHANGE;BRL;SAO;BR
BRVIVOACNPR8;VIVO-PN;VIVO4;SAO PAULO EXCHANGE;BRL;SAO;BR
BRVULCACNOR2;VULCABRAS-ON;VULC3;SAO PAULO EXCHANGE;BRL;SAO;BR
BRWEGEACNOR0;WEG-ON;WEGE3;SAO PAULO EXCHANGE;BRL;SAO;BR
BRWMBYACNOR2;WEMBLEY-ON;WMBY3;SAO PAULO EXCHANGE;BRL;SAO;BR
BRMWETACNOR6;WETZEL S/A-ON;MWET3;SAO PAULO EXCHANGE;BRL;SAO;BR
BRMWETACNPR3;WETZEL S/A-PN;MWET4;SAO PAULO EXCHANGE;BRL;SAO;BR
BRWHRLACNOR5;WHIRLPOOL-ON;WHRL3;SAO PAULO EXCHANGE;BRL;SAO;BR
BRWHRLACNPR2;WHIRLPOOL-PN;WHRL4;SAO PAULO EXCHANGE;BRL;SAO;BR
BRWISAACNOR4;WIEST-ON;WISA3;SAO PAULO EXCHANGE;BRL;SAO;BR
BRWISAACNPR1;WIEST-PN;WISA4;SAO PAULO EXCHANGE;BRL;SAO;BR
BRWSONBDR009;WILSON SONS-DR3;WSON11;SAO PAULO EXCHANGE;BRL;SAO;BR
BRSGASACNOR6;WLM IND COM-ON;SGAS3;SAO PAULO EXCHANGE;BRL;SAO;BR
BRSGASACNPR3;WLM IND COM-PN;SGAS4;SAO PAULO EXCHANGE;BRL;SAO;BR
BRYPFLCDAOR0;Y P F-CDA;YPFL3;SAO PAULO EXCHANGE;BRL;SAO;BR
BRILMDACNOR4;YARA BRASIL-ON;ILMD3;SAO PAULO EXCHANGE;BRL;SAO;BR
BRILMDACNPR1;YARA BRASIL-PN;ILMD4;SAO PAULO EXCHANGE;BRL;SAO;BR
BROPZIACNOR4;ZAIN PART-ON;OPZI3B;SAO PAULO EXCHANGE;BRL;SAO;BR
